sheet,period,chain,co_owned,state,empft,emppt,wage_st,fte,dfte,gap,dw
1,1,1,0,1,16,30,4.5,31,9,0.122222,0.55
1,2,1,0,1,20,40,5.05,40,9,0.122222,0.55
2,1,1,0,1,10,6,4.75,13,-0.5,0.063158,0.5
2,2,1,0,1,7.5,10,5.25,12.5,-0.5,0.063158,0.5
3,1,2,0,1,6,13,4.25,12.5,-5,0.188235,0.8
3,2,2,0,1,4,7,5.05,7.5,-5,0.188235,0.8
4,1,3,0,1,10,12,4.75,16,4,0.063158,0.3
4,2,3,0,1,5,30,5.05,20,4,0.063158,0.3
5,1,3,0,1,5,30,4.5,20,5,0.122222,0.65
5,2,3,0,1,10,30,5.15,25,5,0.122222,0.65
6,1,3,1,1,2,2,5,3,3,0.01,0.05
6,2,3,1,1,5,2,5.05,6,3,0.01,0.05
9,1,1,0,1,12,40,4.37,32,-16,0.155606,0.68
9,2,1,0,1,0,32,5.05,16,-16,0.155606,0.68
10,1,1,0,1,15,20,4.25,25,-2.5,0.188235,0.8
10,2,1,0,1,15,15,5.05,22.5,-2.5,0.188235,0.8
11,1,1,0,1,10,30,4.25,25,-1,0.188235,0.8
11,2,1,0,1,12,24,5.05,24,-1,0.188235,0.8
12,1,1,0,1,6.5,23.5,4.37,18.25,4.25,0.155606,0.68
12,2,1,0,1,15,15,5.05,22.5,4.25,0.155606,0.68
13,1,2,0,1,0,25,4.5,12.5,-5,0.122222,0.5
13,2,2,0,1,2,11,5,7.5,-5,0.122222,0.5
14,1,2,0,1,10,8,5.12,14,-1.5,0,-0.07
14,2,2,0,1,4,17,5.05,12.5,-1.5,0,-0.07
15,1,3,0,1,3,25,4.6,15.5,-0.5,0.097826,0.45
15,2,3,0,1,5,20,5.05,15,-0.5,0.097826,0.45
16,1,3,0,1,6,22,4.5,17,-1.5,0.122222,0.55
16,2,3,0,1,7,17,5.05,15.5,-1.5,0.122222,0.55
17,1,3,0,1,0,20,4.37,10,11.5,0.155606,0.68
17,2,3,0,1,4,35,5.05,21.5,11.5,0.155606,0.68
18,1,3,0,1,15,25,4.25,27.5,-0.5,0.188235,0.8
18,2,3,0,1,8,38,5.05,27,-0.5,0.188235,0.8
19,1,1,0,1,4,31,4.25,19.5,8.5,0.188235,0.8
19,2,1,0,1,6,44,5.05,28,8.5,0.188235,0.8
21,1,2,0,1,5,12,4.45,11,-5.5,0.134832,0.6
21,2,2,0,1,0,11,5.05,5.5,-5.5,0.134832,0.6
22,1,3,0,1,3,15,4.35,10.5,0,0.16092,0.7
22,2,3,0,1,3,15,5.05,10.5,0,0.16092,0.7
23,1,1,0,1,0,25,4.5,12.5,8.5,0.122222,0.55
23,2,1,0,1,14,14,5.05,21,8.5,0.122222,0.55
24,1,1,0,1,15,15,4.75,22.5,2.5,0.063158,0.3
24,2,1,0,1,15,20,5.05,25,2.5,0.063158,0.3
26,1,1,0,1,30,15,5.56,37.5,-17.5,0,-0.51
26,2,1,0,1,10,20,5.05,20,-17.5,0,-0.51
27,1,2,1,1,4,10,5,9,-5.5,0.01,0.05
27,2,2,1,1,0,7,5.05,3.5,-5.5,0.01,0.05
29,1,2,0,1,0,7,4.5,3.5,3,0.122222,0.55
29,2,2,0,1,0,13,5.05,6.5,3,0.122222,0.55
30,1,2,0,1,6,4,5,8,-2.5,0.01,0.05
30,2,2,0,1,4,3,5.05,5.5,-2.5,0.01,0.05
31,1,2,0,1,4,16,5.25,12,1.5,0,-0.2
31,2,2,0,1,6,15,5.05,13.5,1.5,0,-0.2
32,1,3,0,1,10,20.5,4.5,20.25,-5.75,0.122222,0.55
32,2,3,0,1,2,25,5.05,14.5,-5.75,0.122222,0.55
33,1,3,0,1,12,20,5,22,-10.5,0.01,0.05
33,2,3,0,1,6,11,5.05,11.5,-10.5,0.01,0.05
34,1,3,1,1,5,15,4.95,12.5,2,0.020202,0.1
34,2,3,1,1,11,7,5.05,14.5,2,0.020202,0.1
35,1,4,0,1,25,6.5,4.5,28.25,-6.25,0.122222,0.55
35,2,4,0,1,13,18,5.05,22,-6.25,0.122222,0.55
36,1,4,0,1,8,12,5.5,14,13.5,0,-0.45
36,2,4,0,1,10,35,5.05,27.5,13.5,0,-0.45
37,1,1,0,0,21,9,4.25,25.5,-7,0,0
37,2,1,0,0,6,25,4.25,18.5,-7,0,0
38,1,1,0,1,15,20,4.25,25,-5,0.188235,0.8
38,2,1,0,1,10,20,5.05,20,-5,0.188235,0.8
40,1,1,0,0,10,20,4.25,20,-0.5,0,0
40,2,1,0,0,7,25,4.25,19.5,-0.5,0,0
41,1,1,0,0,0,27,4.25,13.5,7.5,0,0
41,2,1,0,0,0,42,4.25,21,7.5,0,0
42,1,1,0,0,17,4,4.5,19,-8,0,-0.25
42,2,1,0,0,0,22,4.25,11,-8,0,-0.25
45,1,1,0,0,0,24,4.25,12,5,0,0
45,2,1,0,0,11,12,4.25,17,5,0,0
48,1,1,0,0,6,20,4.25,16,4,0,0.13
48,2,1,0,0,7.5,25,4.38,20,4,0,0.13
50,1,2,0,0,6,10,4.5,11,3,0,0.25
50,2,2,0,0,4,20,4.75,14,3,0,0.25
51,1,2,0,0,0,15,4.25,7.5,6,0,0
51,2,2,0,0,6,15,4.25,13.5,6,0,0
56,1,4,1,0,20,20,5,30,-12,0,0.25
56,2,4,1,0,0,36,5.25,18,-12,0,0.25
57,1,4,1,0,30,10,4.67,35,-19,0,-0.17
57,2,4,1,0,7,18,4.5,16,-19,0,-0.17
58,1,4,1,0,8,25,4.75,20.5,-6.5,0,-0.25
58,2,4,1,0,0,28,4.5,14,-6.5,0,-0.25
59,1,4,0,0,0,15,4.25,7.5,0.5,0,0
59,2,4,0,0,0,16,4.25,8,0.5,0,0
60,1,4,0,0,10,20,4.25,20,0,0,0
60,2,4,0,0,10,20,4.25,20,0,0,0
61,1,4,1,0,6,26,5.5,19,10.5,0,-0.75
61,2,4,1,0,28,3,4.75,29.5,10.5,0,-0.75
64,1,1,0,1,20,15,4.5,27.5,-8,0.122222,0.55
64,2,1,0,1,13,13,5.05,19.5,-8,0.122222,0.55
66,1,1,0,1,15,18,4.25,24,7,0.188235,0.8
66,2,1,0,1,26,10,5.05,31,7,0.188235,0.8
67,1,1,0,1,5,15,4.5,12.5,0.25,0.122222,0.55
67,2,1,0,1,4,17.5,5.05,12.75,0.25,0.122222,0.55
68,1,1,0,1,30,10,4.25,35,-13.5,0.188235,0.8
68,2,1,0,1,13,17,5.05,21.5,-13.5,0.188235,0.8
69,1,1,0,1,0,27,4.25,13.5,0,0.188235,0.8
69,2,1,0,1,0,27,5.05,13.5,0,0.188235,0.8
70,1,1,0,1,35,20,4.5,45,-20,0.122222,0.55
70,2,1,0,1,10,30,5.05,25,-20,0.122222,0.55
71,1,1,0,1,0,35,4.75,17.5,18.5,0.063158,0.3
71,2,1,0,1,29,14,5.05,36,18.5,0.063158,0.3
73,1,2,0,1,0,7,4.25,3.5,10.5,0.188235,0.8
73,2,2,0,1,14,0,5.05,14,10.5,0.188235,0.8
75,1,2,0,1,3,15,4.25,10.5,-1,0.188235,0.8
75,2,2,0,1,4,11,5.05,9.5,-1,0.188235,0.8
76,1,3,1,1,8,32,4.25,24,8.5,0.188235,0.8
76,2,3,1,1,25,15,5.05,32.5,8.5,0.188235,0.8
77,1,3,0,1,6,50,5,31,3,0.01,0.05
77,2,3,0,1,4,60,5.05,34,3,0.01,0.05
78,1,3,1,1,13,10,5,18,-2,0.01,0.05
78,2,3,1,1,10,12,5.05,16,-2,0.01,0.05
79,1,3,1,1,6,25,4.5,18.5,-1.5,0.122222,0.55
79,2,3,1,1,8,18,5.05,17,-1.5,0.122222,0.55
81,1,4,0,1,25,13,5,31.5,-9,0.01,0.05
81,2,4,0,1,0,45,5.05,22.5,-9,0.01,0.05
82,1,4,0,1,8,14.5,5,15.25,13.75,0.01,0.05
82,2,4,0,1,25,8,5.05,29,13.75,0.01,0.05
84,1,1,0,1,4,30,4.5,19,8,0.122222,0.55
84,2,1,0,1,12,30,5.05,27,8,0.122222,0.55
85,1,1,0,1,7,20,5.5,17,0.5,0,-0.45
85,2,1,0,1,0,35,5.05,17.5,0.5,0,-0.45
86,1,1,0,1,11,11,4.25,16.5,-1.5,0.188235,0.8
86,2,1,0,1,9,12,5.05,15,-1.5,0.188235,0.8
88,1,1,0,1,3,35,4.25,20.5,2,0.188235,0.8
88,2,1,0,1,4,37,5.05,22.5,2,0.188235,0.8
89,1,1,1,1,10,6,5,13,5.5,0.01,0.5
89,2,1,1,1,6,25,5.5,18.5,5.5,0.01,0.5
91,1,1,1,1,8,22,4.25,19,-4,0.188235,0.8
91,2,1,1,1,0,30,5.05,15,-4,0.188235,0.8
92,1,1,1,1,4,18,4.25,13,4,0.188235,0.8
92,2,1,1,1,14,6,5.05,17,4,0.188235,0.8
93,1,1,1,1,2.5,30,4.25,17.5,0,0.188235,0.8
93,2,1,1,1,5,25,5.05,17.5,0,0.188235,0.8
94,1,2,0,1,0,25,5,12.5,-0.5,0.01,0.05
94,2,2,0,1,2,20,5.05,12,-0.5,0.01,0.05
95,1,2,0,1,18,3,4.25,19.5,-12.5,0.188235,0.8
95,2,2,0,1,0,14,5.05,7,-12.5,0.188235,0.8
96,1,2,0,1,0,15,4.25,7.5,0,0.188235,0.8
96,2,2,0,1,0,15,5.05,7.5,0,0.188235,0.8
97,1,2,0,1,0,12,4.25,6,2,0.188235,0.8
97,2,2,0,1,2.5,11,5.05,8,2,0.188235,0.8
98,1,2,0,1,0,20,4.25,10,-0.5,0.188235,0.8
98,2,2,0,1,3,13,5.05,9.5,-0.5,0.188235,0.8
99,1,3,1,1,60,40,4.75,80,-25,0.063158,0.3
99,2,3,1,1,30,50,5.05,55,-25,0.063158,0.3
101,1,3,0,1,4.5,15,4.75,12,4,0.063158,0.3
101,2,3,0,1,10,12,5.05,16,4,0.063158,0.3
102,1,3,0,1,12,13,4.4,18.5,-5,0.147727,0.65
102,2,3,0,1,0,27,5.05,13.5,-5,0.147727,0.65
104,1,4,0,1,40,20,4.62,50,-34,0.093074,0.43
104,2,4,0,1,11,10,5.05,16,-34,0.093074,0.43
105,1,1,0,1,0,40,4.25,20,2.5,0.188235,0.8
105,2,1,0,1,0,45,5.05,22.5,2.5,0.188235,0.8
106,1,1,0,1,0,35,4.25,17.5,-3,0.188235,0.8
106,2,1,0,1,2,25,5.05,14.5,-3,0.188235,0.8
107,1,1,1,1,6,11,4.25,11.5,7,0.188235,0.8
107,2,1,1,1,13.5,10,5.05,18.5,7,0.188235,0.8
108,1,1,0,1,13.5,15,4.25,21,2,0.188235,0.8
108,2,1,0,1,11,24,5.05,23,2,0.188235,0.8
111,1,3,0,1,17,14,4.25,24,3.25,0.188235,0.8
111,2,3,0,1,20,14.5,5.05,27.25,3.25,0.188235,0.8
112,1,4,0,1,4,26,5,17,0.5,0.01,0.05
112,2,4,0,1,5,25,5.05,17.5,0.5,0.01,0.05
114,1,1,0,1,0,35,4.75,17.5,22.5,0.063158,0.5
114,2,1,0,1,20,40,5.25,40,22.5,0.063158,0.5
115,1,1,0,1,20,25,4.75,32.5,-19,0.063158,0.3
115,2,1,0,1,6,15,5.05,13.5,-19,0.063158,0.3
116,1,1,0,1,4,22.5,4.25,15.25,12.75,0.188235,0.8
116,2,1,0,1,22,12,5.05,28,12.75,0.188235,0.8
118,1,1,0,1,10,15,4.25,17.5,10.5,0.188235,0.8
118,2,1,0,1,18,20,5.05,28,10.5,0.188235,0.8
119,1,1,0,1,12,19,4.75,21.5,3,0.063158,0.3
119,2,1,0,1,18,13,5.05,24.5,3,0.063158,0.3
120,1,1,1,1,0,32,4.5,16,-1,0.122222,0.55
120,2,1,1,1,0,30,5.05,15,-1,0.122222,0.55
122,1,1,0,1,1,38,4.25,20,15,0.188235,0.8
122,2,1,0,1,10,50,5.05,35,15,0.188235,0.8
124,1,1,0,1,8,10,4.25,13,11,0.188235,0.8
124,2,1,0,1,21,6,5.05,24,11,0.188235,0.8
125,1,2,0,1,15,0,4.5,15,-7.5,0.122222,0.55
125,2,2,0,1,0,15,5.05,7.5,-7.5,0.122222,0.55
128,1,2,1,1,6.5,7.5,5,10.25,0.75,0.01,0.05
128,2,2,1,1,3,16,5.05,11,0.75,0.01,0.05
129,1,3,0,1,20,20,5.25,30,-14,0,-0.2
129,2,3,0,1,7,18,5.05,16,-14,0,-0.2
130,1,3,1,1,7,25.5,4.5,19.75,1.25,0.122222,0.55
130,2,3,1,1,2,38,5.05,21,1.25,0.122222,0.55
131,1,3,0,1,15,25,5.5,27.5,-8.5,0,-0.45
131,2,3,0,1,8,22,5.05,19,-8.5,0,-0.45
132,1,3,1,1,20,20,4.5,30,-5,0.122222,1
132,2,3,1,1,15,20,5.5,25,-5,0.122222,1
133,1,3,1,1,6,16,4.75,14,-1,0.063158,0.3
133,2,3,1,1,3,20,5.05,13,-1,0.063158,0.3
134,1,3,0,1,5.5,25,4.62,18,1.75,0.093074,0.43
134,2,3,0,1,6,27.5,5.05,19.75,1.75,0.093074,0.43
137,1,3,1,1,15,25,4.25,27.5,-0.5,0.188235,0.8
137,2,3,1,1,12,30,5.05,27,-0.5,0.188235,0.8
140,1,4,0,1,0,40,4.5,20,2.5,0.122222,1.17
140,2,4,0,1,5,35,5.67,22.5,2.5,0.122222,1.17
141,1,4,0,1,10,15,4.75,17.5,5,0.063158,0.3
141,2,4,0,1,10,25,5.05,22.5,5,0.063158,0.3
142,1,4,0,1,15,35,4.25,32.5,23,0.188235,0.8
142,2,4,0,1,40,31,5.05,55.5,23,0.188235,0.8
144,1,4,0,1,10,30,5.05,25,-2.5,0,0
144,2,4,0,1,4,37,5.05,22.5,-2.5,0,0
145,1,1,0,1,5,17,5,13.5,0.5,0.01,0.28
145,2,1,0,1,10,8,5.28,14,0.5,0.01,0.28
146,1,1,0,1,8,20,4.8,18,-2,0.052083,0.25
146,2,1,0,1,0,32,5.05,16,-2,0.052083,0.25
147,1,1,0,1,8.5,6.5,5.12,11.75,-5.75,0,0.13
147,2,1,0,1,6,0,5.25,6,-5.75,0,0.13
148,1,1,0,1,4.5,30,5.25,19.5,3,0,-0.2
148,2,1,0,1,7.5,30,5.05,22.5,3,0,-0.2
149,1,1,0,1,0,20,4.5,10,3,0.122222,0.55
149,2,1,0,1,8,10,5.05,13,3,0.122222,0.55
150,1,1,0,1,0,27.5,4.67,13.75,8.25,0.08137,1.08
150,2,1,0,1,12,20,5.75,22,8.25,0.08137,1.08
152,1,1,0,1,35,15,5.12,42.5,-23.75,0,-0.07
152,2,1,0,1,12,13.5,5.05,18.75,-23.75,0,-0.07
156,1,1,0,1,8,15,4.87,15.5,-4.5,0.036961,0.18
156,2,1,0,1,2,18,5.05,11,-4.5,0.036961,0.18
157,1,2,0,1,10,5,5,12.5,3.5,0.01,0.5
157,2,2,0,1,12,8,5.5,16,3.5,0.01,0.5
158,1,2,0,1,2,7,4.5,5.5,-0.5,0.122222,0.55
158,2,2,0,1,3,4,5.05,5,-0.5,0.122222,0.55
159,1,2,0,1,6,12,4.5,12,0.5,0.122222,0.75
159,2,2,0,1,10,5,5.25,12.5,0.5,0.122222,0.75
161,1,3,1,1,8,25,5,20.5,11.5,0.01,0.05
161,2,3,1,1,26,12,5.05,32,11.5,0.01,0.05
162,1,3,1,1,0,40,4.75,20,-2,0.063158,0.3
162,2,3,1,1,3,30,5.05,18,-2,0.063158,0.3
163,1,3,1,1,12,18,5,21,-3,0.01,0.05
163,2,3,1,1,1.5,33,5.05,18,-3,0.01,0.05
164,1,3,1,1,4,30,5,19,-6.5,0.01,0.05
164,2,3,1,1,5,15,5.05,12.5,-6.5,0.01,0.05
165,1,4,0,1,20,10,5,25,-6.5,0.01,0.05
165,2,4,0,1,10,17,5.05,18.5,-6.5,0.01,0.05
166,1,4,0,1,8,32,4.75,24,-6.5,0.063158,0.3
166,2,4,0,1,0,35,5.05,17.5,-6.5,0.063158,0.3
168,1,1,0,1,5,20,4.25,15,1,0.188235,1
168,2,1,0,1,0,32,5.25,16,1,0.188235,1
169,1,1,1,1,12,33,5,28.5,-5.5,0.01,0.05
169,2,1,1,1,20,6,5.05,23,-5.5,0.01,0.05
170,1,1,1,1,10,20,5,20,10,0.01,0.05
170,2,1,1,1,20,20,5.05,30,10,0.01,0.05
171,1,1,1,1,2,32,4.25,18,-1.75,0.188235,0.8
171,2,1,1,1,10,12.5,5.05,16.25,-1.75,0.188235,0.8
172,1,1,0,1,0,24,4.75,12,6.5,0.063158,0.3
172,2,1,0,1,7,23,5.05,18.5,6.5,0.063158,0.3
173,1,1,0,1,6,40,4.85,26,0,0.041237,0.2
173,2,1,0,1,11,30,5.05,26,0,0.041237,0.2
174,1,1,0,1,11,20,4.75,21,9,0.063158,0.3
174,2,1,0,1,20,20,5.05,30,9,0.063158,0.3
176,1,1,0,1,15,21,4.62,25.5,8.25,0.093074,0.43
176,2,1,0,1,20,27.5,5.05,33.75,8.25,0.093074,0.43
178,1,2,1,1,13,12,4.25,19,-13,0.188235,0.8
178,2,2,1,1,1,10,5.05,6,-13,0.188235,0.8
179,1,2,0,1,2,12,4.25,8,-1,0.188235,0.8
179,2,2,0,1,2,10,5.05,7,-1,0.188235,0.8
180,1,2,0,1,8,3,4.5,9.5,-0.75,0.122222,0.55
180,2,2,0,1,0,17.5,5.05,8.75,-0.75,0.122222,0.55
182,1,2,0,1,3,15,4.5,10.5,-3,0.122222,0.55
182,2,2,0,1,0,15,5.05,7.5,-3,0.122222,0.55
183,1,2,0,1,12,4,4.62,14,6,0.093074,0.43
183,2,2,0,1,15,10,5.05,20,6,0.093074,0.43
185,1,2,0,1,2,9,4.5,6.5,-1.5,0.122222,0.55
185,2,2,0,1,2,6,5.05,5,-1.5,0.122222,0.55
186,1,3,0,1,10,20,4.75,20,1,0.063158,0.3
186,2,3,0,1,12,18,5.05,21,1,0.063158,0.3
187,1,3,0,1,4,20,5.62,14,-0.25,0,-0.57
187,2,3,0,1,5,17.5,5.05,13.75,-0.25,0,-0.57
189,1,3,0,1,4,15,4.75,11.5,-2,0.063158,0.3
189,2,3,0,1,0,19,5.05,9.5,-2,0.063158,0.3
190,1,3,1,1,5,42,5,26,-4,0.01,0.05
190,2,3,1,1,7,30,5.05,22,-4,0.01,0.05
192,1,4,0,1,20,10,4.87,25,-5.5,0.036961,0.38
192,2,4,0,1,4.5,30,5.25,19.5,-5.5,0.036961,0.38
193,1,4,0,1,1,13,4.5,7.5,1,0.122222,0.55
193,2,4,0,1,4,9,5.05,8.5,1,0.122222,0.55
195,1,4,0,1,0,30,4.25,15,5.5,0.188235,0.8
195,2,4,0,1,8,25,5.05,20.5,5.5,0.188235,0.8
196,1,4,1,1,8,19,5,17.5,-2.5,0.01,0.05
196,2,4,1,1,0,30,5.05,15,-2.5,0.01,0.05
197,1,1,0,1,23,10,5,28,-12.5,0.01,0.05
197,2,1,0,1,5,21,5.05,15.5,-12.5,0.01,0.05
199,1,2,0,1,0,12,4.35,6,6.5,0.16092,0.7
199,2,2,0,1,11,3,5.05,12.5,6.5,0.16092,0.7
200,1,1,0,1,0,60,4.25,30,-5,0.188235,0.8
200,2,1,0,1,5,40,5.05,25,-5,0.188235,0.8
201,1,1,0,1,0,33,4.5,16.5,10.5,0.122222,0.55
201,2,1,0,1,16,22,5.05,27,10.5,0.122222,0.55
202,1,1,0,1,30,14,4.25,37,-18.5,0.188235,0.8
202,2,1,0,1,13,11,5.05,18.5,-18.5,0.188235,0.8
203,1,1,0,1,9,12,4.25,15,6,0.188235,0.8
203,2,1,0,1,4,34,5.05,21,6,0.188235,0.8
204,1,1,0,1,10,8.5,4.25,14.25,4.5,0.188235,0.8
204,2,1,0,1,12,13.5,5.05,18.75,4.5,0.188235,0.8
207,1,2,1,1,8,10,4.75,13,-1.5,0.063158,0.45
207,2,2,1,1,8.5,6,5.2,11.5,-1.5,0.063158,0.45
208,1,3,1,1,12,32,4.62,28,-7,0.093074,0.43
208,2,3,1,1,5,32,5.05,21,-7,0.093074,0.43
209,1,3,1,1,4,36,4.25,22,2.5,0.188235,0.8
209,2,3,1,1,6,37,5.05,24.5,2.5,0.188235,0.8
210,1,4,1,1,0,19,4.5,9.5,-2.5,0.122222,0.55
210,2,4,1,1,0,14,5.05,7,-2.5,0.122222,0.55
211,1,1,0,1,3,28,4.5,17,2.5,0.122222,0.55
211,2,1,0,1,2,35,5.05,19.5,2.5,0.122222,0.55
212,1,1,0,1,11,17.5,4.5,19.75,7.75,0.122222,0.55
212,2,1,0,1,20,15,5.05,27.5,7.75,0.122222,0.55
213,1,1,1,1,4.5,20,4.55,14.5,6.25,0.10989,0.5
213,2,1,1,1,12,17.5,5.05,20.75,6.25,0.10989,0.5
214,1,1,0,1,2,30,4.62,17,0.5,0.093074,0.43
214,2,1,0,1,0,35,5.05,17.5,0.5,0.093074,0.43
215,1,1,0,1,10,10,4.5,15,10,0.122222,0.55
215,2,1,0,1,20,10,5.05,25,10,0.122222,0.55
216,1,2,0,1,2,11,4.25,7.5,3.5,0.188235,0.8
216,2,2,0,1,2,18,5.05,11,3.5,0.188235,0.8
217,1,2,1,1,2,13,4.25,8.5,-2.5,0.188235,0.8
217,2,2,1,1,0,12,5.05,6,-2.5,0.188235,0.8
218,1,2,1,1,7,4,4.35,9,-2.5,0.16092,0.7
218,2,2,1,1,5,3,5.05,6.5,-2.5,0.16092,0.7
219,1,2,1,1,3,9,4.25,7.5,6,0.188235,0.8
219,2,2,1,1,9,9,5.05,13.5,6,0.188235,0.8
220,1,2,0,1,3,15,4.25,10.5,-1.5,0.188235,0.8
220,2,2,0,1,3,12,5.05,9,-1.5,0.188235,0.8
221,1,2,0,1,1,28,4.6,15,-6.5,0.097826,0.45
221,2,2,0,1,1,15,5.05,8.5,-6.5,0.097826,0.45
222,1,3,1,1,2,24,4.25,14,-4.5,0.188235,0.8
222,2,3,1,1,2,15,5.05,9.5,-4.5,0.188235,0.8
223,1,3,1,1,3,18,4.75,12,1,0.063158,0.3
223,2,3,1,1,3,20,5.05,13,1,0.063158,0.3
225,1,3,1,1,3,27,4.75,16.5,8,0.063158,0.3
225,2,3,1,1,12,25,5.05,24.5,8,0.063158,0.3
226,1,4,0,1,0,22,4.25,11,2,0.188235,1.05
226,2,4,0,1,0,26,5.3,13,2,0.188235,1.05
228,1,4,0,1,3,28.5,4.5,17.25,3.25,0.122222,0.55
228,2,4,0,1,11,19,5.05,20.5,3.25,0.122222,0.55
229,1,1,0,1,3,40,4.5,23,4.5,0.122222,1
229,2,1,0,1,22,11,5.5,27.5,4.5,0.122222,1
230,1,1,0,1,0,25,4.25,12.5,11,0.188235,0.8
230,2,1,0,1,15,17,5.05,23.5,11,0.188235,0.8
232,1,1,0,1,18,6,4.75,21,2,0.063158,0.3
232,2,1,0,1,18,10,5.05,23,2,0.063158,0.3
233,1,1,0,1,19,7,4.65,22.5,-4,0.086021,0.4
233,2,1,0,1,15,7,5.05,18.5,-4,0.086021,0.4
234,1,1,0,1,0,10,5,5,7,0.01,0.05
234,2,1,0,1,10,4,5.05,12,7,0.01,0.05
237,1,1,0,1,12,11,4.25,17.5,0,0.188235,0.8
237,2,1,0,1,9,17,5.05,17.5,0,0.188235,0.8
238,1,2,1,1,0,22,4.75,11,21.5,0.063158,0.3
238,2,2,1,1,25,15,5.05,32.5,21.5,0.063158,0.3
239,1,2,0,1,15,4,4.25,17,-7.5,0.188235,0.8
239,2,2,0,1,0,19,5.05,9.5,-7.5,0.188235,0.8
240,1,3,1,1,15,35,5.1,32.5,-10,0,-0.05
240,2,3,1,1,15,15,5.05,22.5,-10,0,-0.05
242,1,3,1,1,25,10,5.25,30,-13,0,-0.2
242,2,3,1,1,12,10,5.05,17,-13,0,-0.2
243,1,3,1,1,7,25,4.5,19.5,-1.5,0.122222,0.55
243,2,3,1,1,7,22,5.05,18,-1.5,0.122222,0.55
244,1,3,1,1,12,30,4.25,27,-5,0.188235,0.8
244,2,3,1,1,16,12,5.05,22,-5,0.188235,0.8
245,1,3,0,1,15,8,5.5,19,-5,0,-0.45
245,2,3,0,1,8,12,5.05,14,-5,0,-0.45
247,1,4,0,1,0,40,4.5,20,0,0.122222,0.55
247,2,4,0,1,0,40,5.05,20,0,0.122222,0.55
248,1,4,0,1,8,16,4.75,16,1,0.063158,0.3
248,2,4,0,1,10,14,5.05,17,1,0.063158,0.3
249,1,1,0,1,6,6,4.37,9,7,0.155606,0.68
249,2,1,0,1,10,12,5.05,16,7,0.155606,0.68
250,1,2,1,1,1,4,4.5,3,1,0.122222,0.55
250,2,2,1,1,2,4,5.05,4,1,0.122222,0.55
253,1,3,1,1,7,7,4.87,10.5,-2.5,0.036961,0.18
253,2,3,1,1,4,8,5.05,8,-2.5,0.036961,0.18
258,1,1,0,1,4,22,4.25,15,14,0.188235,0.8
258,2,1,0,1,20,18,5.05,29,14,0.188235,0.8
259,1,1,0,1,13,12,5,19,3.5,0.01,0.05
259,2,1,0,1,15,15,5.05,22.5,3.5,0.01,0.05
260,1,1,1,1,10,20,4.25,20,-3,0.188235,0.8
260,2,1,1,1,4,26,5.05,17,-3,0.188235,0.8
262,1,1,0,1,7,13,4.25,13.5,-2.25,0.188235,0.8
262,2,1,0,1,0,22.5,5.05,11.25,-2.25,0.188235,0.8
264,1,1,0,1,0,10,4.25,5,6.5,0.188235,0.8
264,2,1,0,1,0,23,5.05,11.5,6.5,0.188235,0.8
267,1,1,0,1,6.5,20,4.25,16.5,26,0.188235,0.8
267,2,1,0,1,30,25,5.05,42.5,26,0.188235,0.8
268,1,1,1,1,10,18,5,19,2.25,0.01,0.05
268,2,1,1,1,0,42.5,5.05,21.25,2.25,0.01,0.05
269,1,2,1,1,2,10,4.45,7,4.5,0.134832,0.6
269,2,2,1,1,10,3,5.05,11.5,4.5,0.134832,0.6
271,1,2,1,1,0,13,5,6.5,1,0.01,0.05
271,2,2,1,1,0,15,5.05,7.5,1,0.01,0.05
272,1,2,1,1,4,11,5.05,9.5,-0.5,0,0.2
272,2,2,1,1,2,14,5.25,9,-0.5,0,0.2
273,1,2,1,1,2,14,4.62,9,-1.5,0.093074,0.43
273,2,2,1,1,2,11,5.05,7.5,-1.5,0.093074,0.43
274,1,2,1,1,0,15,5.5,7.5,-1,0,-0.45
274,2,2,1,1,3,7,5.05,6.5,-1,0,-0.45
275,1,2,1,1,4,4,4.25,6,-1,0.188235,0.8
275,2,2,1,1,1,8,5.05,5,-1,0.188235,0.8
276,1,2,1,1,5,10,5,10,2.5,0.01,0.05
276,2,2,1,1,5,15,5.05,12.5,2.5,0.01,0.05
277,1,2,1,1,2,15,4.25,9.5,-1.5,0.188235,0.8
277,2,2,1,1,1,14,5.05,8,-1.5,0.188235,0.8
278,1,2,1,1,3,4,4.25,5,-0.5,0.188235,0.8
278,2,2,1,1,0,9,5.05,4.5,-0.5,0.188235,0.8
284,1,3,1,1,5,23,4.5,16.5,-4.5,0.122222,0.55
284,2,3,1,1,6,12,5.05,12,-4.5,0.122222,0.55
285,1,3,1,1,3,25,4.75,15.5,-5,0.063158,0.3
285,2,3,1,1,3,15,5.05,10.5,-5,0.063158,0.3
286,1,3,1,1,1,15,4.75,8.5,1,0.063158,0.3
286,2,3,1,1,2,15,5.05,9.5,1,0.063158,0.3
287,1,3,1,1,3,18,4.5,12,-2.5,0.122222,0.55
287,2,3,1,1,2,15,5.05,9.5,-2.5,0.122222,0.55
288,1,3,1,1,0,20,4.75,10,-0.5,0.063158,0.3
288,2,3,1,1,5,9,5.05,9.5,-0.5,0.063158,0.3
289,1,3,1,1,2,12,4.25,8,0,0.188235,0.8
289,2,3,1,1,3,10,5.05,8,0,0.188235,0.8
290,1,4,0,1,8,12,4.75,14,-2.5,0.063158,0.3
290,2,4,0,1,0,23,5.05,11.5,-2.5,0.063158,0.3
291,1,4,0,1,4,20,4.55,14,-1,0.10989,0.55
291,2,4,0,1,5,16,5.1,13,-1,0.10989,0.55
292,1,4,0,1,10,15,4.8,17.5,3,0.052083,0.25
292,2,4,0,1,15,11,5.05,20.5,3,0.052083,0.25
296,1,1,1,1,5,16,5.3,13,-4.5,0,-0.25
296,2,1,1,1,4,9,5.05,8.5,-4.5,0,-0.25
297,1,1,1,1,9,15,4.25,16.5,13.5,0.188235,0.8
297,2,1,1,1,15,30,5.05,30,13.5,0.188235,0.8
299,1,2,1,1,3,8,5,7,5,0.01,0.05
299,2,2,1,1,6,12,5.05,12,5,0.01,0.05
301,1,2,1,1,8,12,5,14,-8.5,0.01,0.05
301,2,2,1,1,2,7,5.05,5.5,-8.5,0.01,0.05
303,1,3,1,1,10,35,4.35,27.5,2,0.16092,0.7
303,2,3,1,1,12,35,5.05,29.5,2,0.16092,0.7
304,1,3,0,1,10,20,4.5,20,-2.5,0.122222,0.55
304,2,3,0,1,10,15,5.05,17.5,-2.5,0.122222,0.55
305,1,3,1,1,0,20,4.39,10,6,0.150342,0.66
305,2,3,1,1,5,22,5.05,16,6,0.150342,0.66
307,1,3,1,1,17.5,17.5,4.25,26.25,11.25,0.188235,0.95
307,2,3,1,1,25,25,5.2,37.5,11.25,0.188235,0.95
310,1,4,0,1,0,28,4.25,14,0.5,0.188235,0.8
310,2,4,0,1,3,23,5.05,14.5,0.5,0.188235,0.8
312,1,1,0,1,4,6,4.25,7,-3,0.188235,0.8
312,2,1,0,1,3,2,5.05,4,-3,0.188235,0.8
314,1,1,0,1,8,12,4.62,14,4,0.093074,0.63
314,2,1,0,1,15,6,5.25,18,4,0.093074,0.63
316,1,1,1,1,15,15,4.62,22.5,-3.5,0.093074,0.43
316,2,1,1,1,12,14,5.05,19,-3.5,0.093074,0.43
317,1,1,0,1,0,8,4.25,4,0,0.188235,0.8
317,2,1,0,1,4,0,5.05,4,0,0.188235,0.8
318,1,2,0,1,5,7,4.75,8.5,1.5,0.063158,0.3
318,2,2,0,1,7,6,5.05,10,1.5,0.063158,0.3
319,1,2,0,1,0,11,4.62,5.5,18.5,0.093074,0.43
319,2,2,0,1,22,4,5.05,24,18.5,0.093074,0.43
320,1,2,0,1,5,9,5,9.5,-2.5,0.01,0.05
320,2,2,0,1,4,6,5.05,7,-2.5,0.01,0.05
321,1,2,0,1,3,14,5,10,-0.5,0.01,0.05
321,2,2,0,1,4,11,5.05,9.5,-0.5,0.01,0.05
322,1,3,1,1,8,13,4.75,14.5,0,0.063158,0.3
322,2,3,1,1,12,5,5.05,14.5,0,0.063158,0.3
324,1,3,0,1,20,46,5.25,43,-1.5,0,-0.2
324,2,3,0,1,22,39,5.05,41.5,-1.5,0,-0.2
325,1,3,1,1,4,15,4.5,11.5,-3,0.122222,0.55
325,2,3,1,1,1,15,5.05,8.5,-3,0.122222,0.55
326,1,3,1,1,18,45,5.15,40.5,-18,0,-0.1
326,2,3,1,1,0,45,5.05,22.5,-18,0,-0.1
330,1,4,0,1,4,16,5.42,12,1,0,0.25
330,2,4,0,1,3,20,5.67,13,1,0,0.25
333,1,1,0,1,2,16.5,4.25,10.25,2.75,0.188235,0.8
333,2,1,0,1,3,20,5.05,13,2.75,0.188235,0.8
334,1,1,0,1,10,10,5,15,-5,0.01,0.05
334,2,1,0,1,0,20,5.05,10,-5,0.01,0.05
336,1,1,0,1,28,12,4.5,34,-14,0.122222,0.55
336,2,1,0,1,10,20,5.05,20,-14,0.122222,0.55
337,1,1,1,1,5,29.5,4.87,19.75,7.75,0.036961,0.18
337,2,1,1,1,25,5,5.05,27.5,7.75,0.036961,0.18
339,1,1,1,1,18,6,4.25,21,-11.5,0.188235,0.8
339,2,1,1,1,5,9,5.05,9.5,-11.5,0.188235,0.8
340,1,1,0,1,6,30,4.25,21,2.5,0.188235,0.8
340,2,1,0,1,15,17,5.05,23.5,2.5,0.188235,0.8
341,1,2,1,1,2,7,4.62,5.5,1,0.093074,0.43
341,2,2,1,1,3,7,5.05,6.5,1,0.093074,0.43
343,1,2,1,1,10,6,4.75,13,-3.5,0.063158,0.3
343,2,2,1,1,4,11,5.05,9.5,-3.5,0.063158,0.3
349,1,3,1,1,2.5,27,5,16,-6,0.01,0.05
349,2,3,1,1,0,20,5.05,10,-6,0.01,0.05
350,1,3,1,1,8,9,4.75,12.5,2.5,0.063158,0.3
350,2,3,1,1,5,20,5.05,15,2.5,0.063158,0.3
351,1,3,1,1,2,27.5,4.25,15.75,4.25,0.188235,0.8
351,2,3,1,1,10,20,5.05,20,4.25,0.188235,0.8
354,1,4,0,1,14,7,5.06,17.5,-5,0,-0.01
354,2,4,0,1,9,7,5.05,12.5,-5,0,-0.01
356,1,4,0,1,11.5,10,5.05,16.5,-2.5,0,0
356,2,4,0,1,0,28,5.05,14,-2.5,0,0
357,1,4,0,1,4.5,20,5,14.5,9.5,0.01,0.25
357,2,4,0,1,21,6,5.25,24,9.5,0.01,0.25
359,1,1,1,1,0,22,4.25,11,2,0.188235,0.8
359,2,1,1,1,0,26,5.05,13,2,0.188235,0.8
360,1,1,0,1,3,25,4.25,15.5,5.5,0.188235,0.8
360,2,1,0,1,5,32,5.05,21,5.5,0.188235,0.8
361,1,1,0,1,6,13,4.25,12.5,3,0.188235,0.8
361,2,1,0,1,4,23,5.05,15.5,3,0.188235,0.8
363,1,2,0,1,0,25,4.25,12.5,5,0.188235,0.95
363,2,2,0,1,14,7,5.2,17.5,5,0.188235,0.95
364,1,2,0,1,3.5,20,4.25,13.5,2.5,0.188235,0.8
364,2,2,0,1,1,30,5.05,16,2.5,0.188235,0.8
366,1,3,0,1,2,17,4.5,10.5,0,0.122222,0.55
366,2,3,0,1,1,19,5.05,10.5,0,0.122222,0.55
368,1,4,0,1,0,20,4.25,10,2.5,0.188235,0.8
368,2,4,0,1,0,25,5.05,12.5,2.5,0.188235,0.8
370,1,1,0,1,20,11.5,4.85,25.75,2.75,0.041237,0.2
370,2,1,0,1,26,5,5.05,28.5,2.75,0.041237,0.2
371,1,1,0,1,12,23,5,23.5,-1.5,0.01,0.25
371,2,1,0,1,11,22,5.25,22,-1.5,0.01,0.25
373,1,1,1,1,14,12,5,20,5.5,0.01,0.05
373,2,1,1,1,18,15,5.05,25.5,5.5,0.01,0.05
375,1,1,0,1,25,10,5.25,30,-17.5,0,0.25
375,2,1,0,1,0,25,5.5,12.5,-17.5,0,0.25
376,1,1,0,1,4,10,4.5,9,-0.5,0.122222,0.55
376,2,1,0,1,0,17,5.05,8.5,-0.5,0.122222,0.55
377,1,1,0,1,12,6,4.25,15,2,0.188235,0.8
377,2,1,0,1,11,12,5.05,17,2,0.188235,0.8
378,1,1,1,1,10,8,5,14,13.5,0.01,0.05
378,2,1,1,1,20,15,5.05,27.5,13.5,0.01,0.05
379,1,1,0,1,20,12,4.62,26,5,0.093074,0.43
379,2,1,0,1,28,6,5.05,31,5,0.093074,0.43
380,1,1,0,1,10,15,4.5,17.5,4.5,0.122222,0.55
380,2,1,0,1,15,14,5.05,22,4.5,0.122222,0.55
381,1,1,0,1,10,20,5,20,2.5,0.01,0.05
381,2,1,0,1,15,15,5.05,22.5,2.5,0.01,0.05
383,1,1,0,1,6,4,4.5,8,0,0.122222,0.55
383,2,1,0,1,7,2,5.05,8,0,0.122222,0.55
385,1,1,0,1,16,14,4.25,23,-1,0.188235,0.8
385,2,1,0,1,15,14,5.05,22,-1,0.188235,0.8
386,1,1,0,1,0,19,4.25,9.5,9.5,0.188235,0.8
386,2,1,0,1,14,10,5.05,19,9.5,0.188235,0.8
391,1,2,0,1,15,5,4.25,17.5,-2,0.188235,0.8
391,2,2,0,1,12,7,5.05,15.5,-2,0.188235,0.8
393,1,2,1,1,4,10,4.62,9,11,0.093074,0.63
393,2,2,1,1,18,4,5.25,20,11,0.093074,0.63
396,1,3,1,1,24,16,4.87,32,-9,0.036961,0.53
396,2,3,1,1,8,30,5.4,23,-9,0.036961,0.53
397,1,3,1,1,4,28,4.25,18,-4.5,0.188235,0.8
397,2,3,1,1,6,15,5.05,13.5,-4.5,0.188235,0.8
398,1,3,1,1,14,13,4.75,20.5,12,0.063158,0.3
398,2,3,1,1,25,15,5.05,32.5,12,0.063158,0.3
399,1,3,1,1,13,8,4.87,17,10,0.036961,0.18
399,2,3,1,1,18,18,5.05,27,10,0.036961,0.18
400,1,3,1,1,16,15,4.5,23.5,-3.5,0.122222,0.55
400,2,3,1,1,8,24,5.05,20,-3.5,0.122222,0.55
401,1,3,0,1,8,6,4.25,11,7.5,0.188235,0.8
401,2,3,0,1,5,27,5.05,18.5,7.5,0.188235,0.8
402,1,3,1,1,11,10,4.75,16,3.5,0.063158,0.3
402,2,3,1,1,17,5,5.05,19.5,3.5,0.063158,0.3
405,1,3,1,1,6,17,4.32,14.5,-5.5,0.168981,0.73
405,2,3,1,1,1.5,15,5.05,9,-5.5,0.168981,0.73
406,1,4,1,1,12,35,5,29.5,-1.5,0.01,0.5
406,2,4,1,1,17,22,5.5,28,-1.5,0.01,0.5
407,1,2,1,0,2,12,4.75,8,0,0,-0.5
407,2,2,1,0,1,14,4.25,8,0,0,-0.5
409,1,1,0,1,3,60,5,33,-25.5,0.01,0.05
409,2,1,0,1,0,15,5.05,7.5,-25.5,0.01,0.05
410,1,1,0,1,0,35,4.25,17.5,0,0.188235,0.8
410,2,1,0,1,0,35,5.05,17.5,0,0.188235,0.8
411,1,1,0,1,0,36,4.5,18,4,0.122222,0.55
411,2,1,0,1,4,36,5.05,22,4,0.122222,0.55
412,1,2,0,1,0,17,4.5,8.5,-2,0.122222,0.55
412,2,2,0,1,0,13,5.05,6.5,-2,0.122222,0.55
413,1,1,0,1,0,36,4.25,18,-8,0.188235,0.8
413,2,1,0,1,0,20,5.05,10,-8,0.188235,0.8
414,1,1,0,1,0,36,4.25,18,-0.5,0.188235,0.8
414,2,1,0,1,13,9,5.05,17.5,-0.5,0.188235,0.8
415,1,1,0,1,8,32,4.25,24,-5,0.188235,0.8
415,2,1,0,1,0,38,5.05,19,-5,0.188235,0.8
417,1,1,1,1,4,28,4.25,18,3.5,0.188235,0.8
417,2,1,1,1,13,17,5.05,21.5,3.5,0.188235,0.8
418,1,1,0,1,30,15,4.25,37.5,-20,0.188235,0.8
418,2,1,0,1,0,35,5.05,17.5,-20,0.188235,0.8
419,1,2,1,1,3,10,4.25,8,-0.5,0.188235,0.8
419,2,2,1,1,5,5,5.05,7.5,-0.5,0.188235,0.8
421,1,2,1,1,20,10,4.62,25,3.5,0.093074,0.43
421,2,2,1,1,25,7,5.05,28.5,3.5,0.093074,0.43
422,1,2,0,1,0,7,4.75,3.5,6.5,0.063158,0.3
422,2,2,0,1,5,10,5.05,10,6.5,0.063158,0.3
423,1,2,1,1,2,10,4.95,7,13.75,0.020202,0.3
423,2,2,1,1,19,3.5,5.25,20.75,13.75,0.020202,0.3
424,1,2,1,1,3.5,6.5,4.75,6.75,6.75,0.063158,0.5
424,2,2,1,1,12,3,5.25,13.5,6.75,0.063158,0.5
426,1,3,1,1,3,33,4.25,19.5,-2,0.188235,0.8
426,2,3,1,1,5,25,5.05,17.5,-2,0.188235,0.8
427,1,4,0,1,7,8,4.75,11,6.5,0.063158,0.3
427,2,4,0,1,0,35,5.05,17.5,6.5,0.063158,0.3
428,1,4,0,1,0,33,4.62,16.5,5.5,0.093074,0.52
428,2,4,0,1,10,24,5.14,22,5.5,0.093074,0.52
430,1,1,0,0,20,25,4.25,32.5,-8.5,0,0
430,2,1,0,0,0,48,4.25,24,-8.5,0,0
432,1,1,0,0,20,55,4.5,47.5,-17.5,0,0.55
432,2,1,0,0,25,10,5.05,30,-17.5,0,0.55
434,1,1,0,0,15,50,4.25,40,-6.5,0,0
434,2,1,0,0,19,29,4.25,33.5,-6.5,0,0
435,1,1,0,0,1,37.5,4.25,19.75,-3.75,0,0
435,2,1,0,0,0,32,4.25,16,-3.75,0,0
438,1,2,0,0,0,9,4.25,4.5,2,0,0
438,2,2,0,0,2,9,4.25,6.5,2,0,0
441,1,4,0,0,30,10,4.25,35,-20,0,0
441,2,4,0,0,0,30,4.25,15,-20,0,0
443,1,4,0,0,4,19,4.25,13.5,1.5,0,0.1
443,2,4,0,0,5,20,4.35,15,1.5,0,0.1
444,1,4,0,0,12,20,4.25,22,5.5,0,0.25
444,2,4,0,0,10,35,4.5,27.5,5.5,0,0.25
445,1,1,0,0,50,35,5,67.5,-43.5,0,-0.25
445,2,1,0,0,15,18,4.75,24,-43.5,0,-0.25
448,1,1,0,0,8,18,4.75,17,4.5,0,-0.25
448,2,1,0,0,8,27,4.5,21.5,4.5,0,-0.25
449,1,1,0,0,0,25,4.87,12.5,10,0,0.13
449,2,1,0,0,15,15,5,22.5,10,0,0.13
450,1,1,0,0,2,21,4.75,12.5,19,0,0
450,2,1,0,0,27.5,8,4.75,31.5,19,0,0
451,1,1,0,0,10,17,5,18.5,12,0,0
451,2,1,0,0,26,9,5,30.5,12,0,0
454,1,2,1,0,1,9,4.5,5.5,3.5,0,0.5
454,2,2,1,0,0,18,5,9,3.5,0,0.5
455,1,2,1,0,2,8,5.25,6,3,0,-0.25
455,2,2,1,0,3,12,5,9,3,0,-0.25
458,1,2,1,0,2,10,5,7,-0.5,0,0
458,2,2,1,0,2,9,5,6.5,-0.5,0,0
459,1,3,1,0,5,20,4.25,15,-5,0,0.1
459,2,3,1,0,0,20,4.35,10,-5,0,0.1
462,1,3,1,0,2.5,20,5,12.5,1,0,-0.25
462,2,3,1,0,1,25,4.75,13.5,1,0,-0.25
468,1,1,0,0,40,30,5,55,-30,0,0
468,2,1,0,0,9,32,5,25,-30,0,0
469,1,1,0,0,8,27,5,21.5,5,0,-0.5
469,2,1,0,0,7,39,4.5,26.5,5,0,-0.5
470,1,1,0,0,10.5,30,5.5,25.5,-2.5,0,-0.75
470,2,1,0,0,18,10,4.75,23,-2.5,0,-0.75
471,1,1,0,0,25,20,4.25,35,-11.5,0,0
471,2,1,0,0,12,23,4.25,23.5,-11.5,0,0
472,1,1,0,0,37.5,2,4.25,38.5,-18,0,0.65
472,2,1,0,0,8,25,4.9,20.5,-18,0,0.65
473,1,1,0,0,5,27,4.75,18.5,15,0,-0.25
473,2,1,0,0,26,15,4.5,33.5,15,0,-0.25
474,1,1,0,0,6,9,5,10.5,4.5,0,-0.5
474,2,1,0,0,5,20,4.5,15,4.5,0,-0.5
475,1,1,0,0,25,8,4.5,29,-11,0,0
475,2,1,0,0,10,16,4.5,18,-11,0,0
476,1,1,0,0,6,30,4.25,21,-1,0,0.5
476,2,1,0,0,5,30,4.75,20,-1,0,0.5
477,1,1,0,0,8,28,4.25,22,-6,0,2
477,2,1,0,0,6,20,6.25,16,-6,0,2
478,1,1,0,0,32,25,4.5,44.5,-21.5,0,-0.15
478,2,1,0,0,8,30,4.35,23,-21.5,0,-0.15
481,1,2,1,0,5,17.5,5.25,13.75,3.25,0,-0.25
481,2,2,1,0,15,4,5,17,3.25,0,-0.25
483,1,2,1,0,1,15,5,8.5,2,0,-0.25
483,2,2,1,0,4,13,4.75,10.5,2,0,-0.25
485,1,2,1,0,1,9,4.5,5.5,4.5,0,0
485,2,2,1,0,4,12,4.5,10,4.5,0,0
487,1,3,1,0,10,6,5,13,3,0,-0.25
487,2,3,1,0,6,20,4.75,16,3,0,-0.25
488,1,3,0,0,20,13,5,26.5,-14,0,-0.25
488,2,3,0,0,5,15,4.75,12.5,-14,0,-0.25
489,1,3,0,0,5,23,5,16.5,-5,0,-0.75
489,2,3,0,0,2,19,4.25,11.5,-5,0,-0.75
490,1,3,1,0,10,12.5,5,16.25,-5.25,0,0
490,2,3,1,0,2,18,5,11,-5.25,0,0
492,1,3,1,0,2,16,4.5,10,1.5,0,0
492,2,3,1,0,4,15,4.5,11.5,1.5,0,0
493,1,3,1,0,27,12,5,33,-18,0,-0.1
493,2,3,1,0,0,30,4.9,15,-18,0,-0.1
495,1,3,0,0,4,28,5,18,0,0,0
495,2,3,0,0,8,20,5,18,0,0,0
496,1,3,1,0,10,15,5,17.5,-2.5,0,-0.25
496,2,3,1,0,10,10,4.75,15,-2.5,0,-0.25
498,1,4,1,0,20,10,4.75,25,-1.25,0,0.25
498,2,4,1,0,21,5.5,5,23.75,-1.25,0,0.25
499,1,4,1,0,0,28,5,14,1.5,0,0
499,2,4,1,0,0,31,5,15.5,1.5,0,0
501,1,1,0,0,14,15,4.25,21.5,16,0,0.5
501,2,1,0,0,30,15,4.75,37.5,16,0,0.5
503,1,1,0,0,7.5,14,4.75,14.5,23.75,0,-0.25
503,2,1,0,0,35,6.5,4.5,38.25,23.75,0,-0.25
509,1,3,1,0,3,16,5,11,-0.5,0,-0.75
509,2,3,1,0,5.5,10,4.25,10.5,-0.5,0,-0.75
511,1,3,1,0,4,16,4.75,12,-2.5,0,0
511,2,3,1,0,3,13,4.75,9.5,-2.5,0,0
514,1,3,0,0,5,20,4.5,15,16,0,-0.25
514,2,3,0,0,23,16,4.25,31,16,0,-0.25
515,1,3,1,0,7,16,5,15,-0.5,0,-0.25
515,2,3,1,0,5,19,4.75,14.5,-0.5,0,-0.25
516,1,3,1,0,6,22.5,4.75,17.25,-9.25,0,0.16
516,2,3,1,0,2,12,4.91,8,-9.25,0,0.16
521,1,1,0,0,2.5,20,4.25,12.5,-6.5,0,0.15
521,2,1,0,0,0,12,4.4,6,-6.5,0,0.15
522,1,1,0,0,2,30,4.35,17,-2.5,0,-0.1
522,2,1,0,0,3,23,4.25,14.5,-2.5,0,-0.1
